"","Matastatic_Site","Freq","Weight"
"1","bone",54,0.388489208633094
"2","liver",24,0.172661870503597
"3","lung",60,0.431654676258993
"4","lymph node",1,0.00719424460431655
