"","Matastatic_Site","Freq","Weight"
"1","head & neck",6,0.130434782608696
"2","lung",6,0.130434782608696
"3","lymph node",19,0.41304347826087
"4","other",15,0.326086956521739
