"","Matastatic_Site","Freq","Weight"
"1","brain",2,0.00140252454417952
"2","colorectum",3,0.00210378681626928
"3","liver",1001,0.701963534361851
"4","lung",100,0.0701262272089762
"5","lymph node",295,0.20687237026648
"6","ovary",1,0.000701262272089762
"7","peritoneum",24,0.0168302945301543
