"","Matastatic_Site","Freq","Weight"
"1","bone",1,0.0104166666666667
"2","brain",10,0.104166666666667
"3","liver",45,0.46875
"4","lung",15,0.15625
"5","other",25,0.260416666666667
