"","Matastatic_Site","Freq","Weight"
"1","adrenal gland",54,0.142105263157895
"2","bone",72,0.189473684210526
"3","liver",12,0.0315789473684211
"4","lung",123,0.323684210526316
"5","lymph node",119,0.313157894736842
