"","Matastatic_Site","Freq","Weight"
"1","fat",50,0.0819672131147541
"2","liver",242,0.39672131147541
"3","lung",82,0.134426229508197
"4","lymph node",108,0.177049180327869
"5","muscle",50,0.0819672131147541
"6","pancreas",70,0.114754098360656
"7","peritoneal surfaces",4,0.00655737704918033
"8","peritoneum",4,0.00655737704918033
