"","Matastatic_Site","Freq","Weight"
"1","adrenal gland",36,0.0268456375838926
"2","bone",216,0.161073825503356
"3","kindey",14,0.0104399701715138
"4","liver",211,0.157345264727815
"5","lung",166,0.123788217747949
"6","lymph node",636,0.47427293064877
"7","non-regional / distant lymph nodes",1,0.000745712155108128
"8","peritoneum",29,0.0216256524981357
"9","posterior peritoneum",32,0.0238627889634601
