"","Matastatic_Site","Freq","Weight"
"1","liver",24,0.558139534883721
"2","lung",8,0.186046511627907
"3","non-regional / distant lymph nodes",1,0.0232558139534884
"4","other",6,0.13953488372093
"5","peritoneal surfaces",4,0.0930232558139535
