"","Matastatic_Site","Freq","Weight"
"1","lung",8,0.0373831775700935
"2","lymph node",204,0.953271028037383
"3","pleura",2,0.00934579439252336
